{
  "Belgium":{
    "('My House', 'operation', '[W_el*h\/a]')":21194.9999999991,
    "('My House', 'operation', '[W_el*h]')":339119.9999999855,
    "('PV', 'capacity', '[W_el]')":30000.0,
    "('PV', 'operation', '[W_el*h\/a]')":16387.1025205748,
    "('PV', 'operation', '[W_el*h]')":262193.6403291974,
    "('Wind turbine', 'TAC', '[1e6 \u20ac\/a]')":65.9468655847,
    "('Wind turbine', 'capacity', '[W_el]')":21.8474020256,
    "('Wind turbine', 'capexCap', '[1e6 \u20ac\/a]')":22.2520615335,
    "('Wind turbine', 'invest', '[1e6 \u20ac]')":218.4740202557,
    "('Wind turbine', 'operation', '[W_el*h\/a]')":4423.1172415593,
    "('Wind turbine', 'operation', '[W_el*h]')":70769.8758649489,
    "('Wind turbine', 'opexCap', '[1e6 \u20ac\/a]')":43.6948040511
  },
  "France":{
    "('My House', 'operation', '[W_el*h\/a]')":31947.1324130624,
    "('My House', 'operation', '[W_el*h]')":511154.1186089984,
    "('PV', 'capacity', '[W_el]')":12000.0,
    "('PV', 'operation', '[W_el*h\/a]')":24676.2709647448,
    "('PV', 'operation', '[W_el*h]')":394820.3354359173,
    "('Wind turbine', 'TAC', '[1e6 \u20ac\/a]')":158.094862844,
    "('Wind turbine', 'capacity', '[W_el]')":52.3749232979,
    "('Wind turbine', 'capexCap', '[1e6 \u20ac\/a]')":53.3450162483,
    "('Wind turbine', 'invest', '[1e6 \u20ac]')":523.7492329786,
    "('Wind turbine', 'operation', '[W_el*h\/a]')":9987.837169926,
    "('Wind turbine', 'operation', '[W_el*h]')":159805.3947188168,
    "('Wind turbine', 'opexCap', '[1e6 \u20ac\/a]')":104.7498465957
  },
  "Germany":{
    "('My House', 'operation', '[W_el*h\/a]')":37584.8616624272,
    "('My House', 'operation', '[W_el*h]')":601357.7865988349,
    "('PV', 'capacity', '[W_el]')":54000.0,
    "('PV', 'operation', '[W_el*h\/a]')":29985.7276941724,
    "('PV', 'operation', '[W_el*h]')":479771.6431067585,
    "('Wind turbine', 'TAC', '[1e6 \u20ac\/a]')":56.3579816798,
    "('Wind turbine', 'capacity', '[W_el]')":18.6707203169,
    "('Wind turbine', 'capexCap', '[1e6 \u20ac\/a]')":19.016541046,
    "('Wind turbine', 'invest', '[1e6 \u20ac]')":186.7072031693,
    "('Wind turbine', 'operation', '[W_el*h\/a]')":7517.4035046494,
    "('Wind turbine', 'operation', '[W_el*h]')":120278.4560743905,
    "('Wind turbine', 'opexCap', '[1e6 \u20ac\/a]')":37.3414406339
  },
  "Poland":{
    "('My House', 'operation', '[W_el*h\/a]')":12528.28722081,
    "('My House', 'operation', '[W_el*h]')":200452.5955329598,
    "('PV', 'capacity', '[W_el]')":4000.0,
    "('PV', 'operation', '[W_el*h\/a]')":10177.2137182923,
    "('PV', 'operation', '[W_el*h]')":162835.4194926773,
    "('Wind turbine', 'TAC', '[1e6 \u20ac\/a]')":0.6763763384,
    "('Wind turbine', 'capacity', '[W_el]')":0.2240753318,
    "('Wind turbine', 'capexCap', '[1e6 \u20ac\/a]')":0.2282256748,
    "('Wind turbine', 'invest', '[1e6 \u20ac]')":2.2407533177,
    "('Wind turbine', 'operation', '[W_el*h\/a]')":100.6084823794,
    "('Wind turbine', 'operation', '[W_el*h]')":1609.7357180705,
    "('Wind turbine', 'opexCap', '[1e6 \u20ac\/a]')":0.4481506635
  }
}